2,"2 rue Roger Salengro",,"yes","62217","ACHICOURT",19,,
3,"12 rue Raoul Briquet",,"yes","62217","AGNY",28,"SELARL","LABE FAYOLLE"
4,"16 Grand'Place",,"yes","62120","AIRE SUR LA LYS",2,"SCM",
5,"5 Rue de la Tour Blanche",,"yes","62120","AIRE SUR LA LYS",2,,"DEGRAVE JOLY"
6,"52 Grand Place",,"yes","62120","AIRE SUR LA LYS",2,,"PANCHOO"
7,"4 rue Franche",,"yes","59251","ALLENNES LES MARAIS",23,,"GRESSEZ"
8,"3 Bis rue Georges Clémenceau",,"yes","62143","ANGRES",2,"SCM","CLEMENCEAU"
9,"19 Rue des trois soeurs Fogt",,"yes","59580","ANICHE",27,,"BERRIOZ DENTAIRE"
10,"1 rue cirbeau",,"yes","02320","ANIZY LE CHÂTEAU",,,
11,"14 rue du Général Leclerc",,"yes","62232","ANNEZIN",2,"SCM","Michael et Philippe DELFORGE"
12,"18 BIS RUE DE LA BOUVAQUE",,"yes","59112","ANNOEULLIN",29,"SCM"," LA BOUCHE RIT"
13,"2 A rue Du Docteur Falala",,"yes","59112","ANNOEULLIN",29,,"DELERUE"
14,"52 rue de Don",,"yes","59112","ANNOEULLIN",2,,"LAGACHE"
15,"6 rue Pierre Ogée",,"yes","59112","ANNOEULLIN",29,,
16,"19 rue Pasteur",,"yes","59186","ANOR",29,,"MADRY"
17,"14 Avenue Anatole France",,"yes","59410","ANZIN",29,"SCM","CROIX D'ANZIN"
19,"210 Avenue Anatole France",,"yes","59410","ANZIN",14,,
20,"75 rue Jean Jaurès",,"yes","59410","ANZIN",29,"SCM","DOCTEURS BOUDRISSA ET CHERFI"
21,"177 Avenue Ernest Ranson",,"yes","62610","ARDRES",27,,"DENTAIRE DYMON"
23,"91 Esplanade du Maréchal Leclerc",,"yes","62610","ARDRES",27,"SCM","SCM LEFEBVRE VERCRUYSSE BARON"
25,"5 Rue de la Mairie",,"yes","59380","ARMBOUTS-CAPPEL",28,,"GHEWY"
26,"1 Place Thiers",,"yes","59280","ARMENTIERES",2,"SCM","LYSEA"
27,"1 rue Nationale",,"yes","59280","ARMENTIERES",2,"SCM","DENTALYS"
28,"100 Avenue Marc Sangnier",,"yes","59280","ARMENTIERES",2,,"DOCTEURS DUNG ET QUOC PHAT"
29,"13 rue Paul Pouchain",,"yes","59280","ARMENTIERES",2,,"MUTELET"
30,"15 boulevard Faidherbe",,"yes","59280","ARMENTIERES",29,"SCP","DELBARRE BARALLE ELHAGE"
31,"15 Place Chanzy",,"yes","59280","ARMENTIERES",,,
32,"16 Bis Place Léon Gambetta",,"yes","59280","ARMENTIERES",,,
33,"19 Rue du Maréchal Foch",,"yes","59280","ARMENTIERES",2,"SCM","LYS SANTE"
35,"7 rue des Soupirs",,"yes","59280","ARMENTIERES",2,,"BONNO"
36,"2-4 Place Lambin","Rés.Véronèse ","yes","59280","ARMENTIERES",16,,
37,"4 Place de la Gare",,"yes","59285","ARNEKE",2,,"GHESTIN"
38,"1 rue Jeanne d'Arc",,"yes","62000","ARRAS",27,"SCM","MARTIN ET DESMIDT"
39,"121 rue du Temple",,"yes","62000","ARRAS",19,,
40,"17 rue Paul Doumer",,"yes","62000","ARRAS",2,,"FRANCU"
41,"19 Place Courbet",,"yes","62000","ARRAS",19,,
42,"2 Bis rue Sainte-Marguerite",,"yes","62000","ARRAS",19,"SCM","OCTOGONE"
44,"2 rue du Nocquet d'Or",,"yes","62000","ARRAS",19,,
45,"2 rue Gustave Colin",,"yes","62000","ARRAS",19,"SELARL","DOCTEURS ROSE"
46,"3 rue Wacquez Glasson","ler E.","yes","62000","ARRAS",19,,
47,"38 rue Gambetta",,"yes","62000","ARRAS",19,,
48,"6 B rue Jules Ferry",,"yes","62000","ARRAS",2,"SCP","ERRARD"
49,"70 Grand'Place",,"yes","62000","ARRAS",16,,
52,"6 voie Georges Despret",,"yes","59600","ASSEVENT",28,"SCM","APEX"
53,"64 rue de Douai",,"yes","59165","AUBERCHICOURT",14,,
54," 36 rue G. Péri","Mais.Médicale Pt. Marais","yes","59494","AUBRY DU HAINAUT",28,,"GILLARD"
56,"18 rue des Marronniers",,"yes","62260","AUCHEL",2,"SCM","CENTRE DENTAIRE DES MARRONNIERS"
57,"202 rue Arthur Lamendin",,"yes","62260","AUCHEL",2,"SELARL","DOCTEUR TANCRE"
58,"8 Place André Mancey",,"yes","62260","AUCHEL",2,,
59,"161 bis rue Humblot",,"yes","62138","AUCHY LES MINES",,,
60,"392 Place du Général de Gaulle",,"yes","62370","AUDRUICQ",28,"SCM","GRAND PLACE"
61,"60 Avenue des Alliés",,"yes","62370","AUDRUICQ",22,,
62,"14 Bis rue Pierre Cuvelier",,"yes","59300","AULNOY LEZ VALENCIENNES",28,,"DE DECKER"
63,"2 Bis rue Saint Just",,"yes","59300","AULNOY LEZ VALENCIENNES",28,,"AGLAVE"
64,"3 Place Roger Salengro",,"yes","59300","AULNOY LEZ VALENCIENNES",28,,
65,"111 rue de L'Hôtel de Ville",,"yes","59620","AULNOYE AYMERIES",14,,
66,"37 rue Roger Salengro",,"yes","59620","AULNOYE AYMERIES",29,,"JOUIN"
67,"39 rue Mirabeau",,"yes","59620","AULNOYE AYMERIES",14,,
68,"8 rue du Général de gaulle",,"yes","62390","AUXI LE CHATEAU",27,,"DUBUS"
69,"13 Grand Rue",,"yes","62810","AVESNES LE COMTE",14,,
70,"12 rue Cambrésienne",,"yes","59440","AVESNES SUR HELPE",14,,
71,"Rue Barthélémy","Plateau Chémerault ","yes","59440","AVESNES SUR HELPE",29,"SCM","BFPCW"
72,"21 Place de L'Eglise",,"yes","59129","AVESNES-LEZ-AUBERT",,,
73,"95 Boulevard Gabriel Péri",,"yes","62210","AVION",23,,"VERMEULEN"
74,"66 Chaussée Brunehaut",,"yes","59138","BACHANT",29,"SELARL","DOCTEURS BLONDEAU"
75,"1 rue Emile Hié",,"yes","59270","BAILLEUL",2,,"LEROY"
76,"10 rue Foch",,"yes","59270","BAILLEUL",29,"SCM","DOCTEURS  DANJOU GHESQUIERE"
77,"17 avenue François Rabelais ",,"yes","59270","BAILLEUL",2,,"VIEVILLE"
78,"24 rue Pharaon de Winter",,"yes","59270","BAILLEUL",2,,"JOMBART"
79,"40 rue d'Occident",,"yes","59270","BAILLEUL",,,
80,"325 rue de la Mairie",,"yes","59780","BAISIEUX",29,,
81,"84 rue de Tournai",,"yes","59780","BAISIEUX",29,,"LARUE"
82,"17 Route de Douai",,"yes","62450","BAPAUME",19,,
83,"4-6 Avenue de la Gare",,"yes","62450","BAPAUME",19,,
84,"60 Place Roger Salengro",,"yes","62620","BARLIN",19,,"BECQUET"
85,"92 rue Jean Jaurès",,"yes","59221","BAUVIN",23,,
86," rue des Allées","Maison Médicale","yes","59570","BAVAY",14,,
87,"6 Bis rue de la Gare",,"yes","62123","BEAUMETZ LES LOGES",27,"SELARL","GIGAUX"
88,"14 rue du ler Mai",,"yes","62217","BEAURAINS",19,,
89,"2 Avenue du Dr Cazin",,"yes","62600","BERCK SUR MER",23,,"BODART"
90,"264 rue de l'Impératrice",,"yes","62600","BERCK SUR MER",23,"SELARL","DOCTEURS CHARLATE ET BASTIEN"
91,"475 rue de l'Impératrice",,"yes","62600","BERCK SUR MER",23,,"COHEN"
92,"1 Bis rue de la Motte",,"yes","59235","BERSEE",23,,"LEPAN"
94,"187 Boulevard Victor Hugo",,"yes","62400","BETHUNE",29,"SELARL","DOCTEURS LAFONTAINE ET DUCROCQ"
95,"213 rue Arthur Lamendin",,"yes","62400","BETHUNE",2,,"JACQUEMONT"
96,"220 rue de Jemmapes",,"yes","62400","BETHUNE",2,"SCM","NOUVELLE DE JEMMAPES"
97,"249 rue du Banquet Reformiste",,"yes","62400","BETHUNE",,,
98,"57 rue Aristide Hurbiez",,"yes","62400","BETHUNE",28,"SCP","EBHL"
99,"73 place du Maréchal Joffre",,"yes","62400","BETHUNE",28,,
100,"10 rue des Poilus",,"yes","59192","BEUVRAGES",29,"SCM","DOCTEURS DUBRULLE ET MICHEL"
101,"77 route Nationale",,"yes","62660","BEUVRY",2,,"CHOUDHARI"
102,"9 Place Roger Salengro",,"yes","62660","BEUVRY",23,,"SOEN"
103,"115 A rue du Général de Gaulle",,"yes","62138","BILLY BERCLAU",,,
104,"72 Route Nationale",,"yes","62420","BILLY MONTIGNY",19,,
105,"445 Avenue du Rossignol",,"yes","62610","BOIS EN ARDRES",,,
106,"15 rue de la chapelle",,"yes","59280","BOIS GRENIER",2,,"MEAUX"
107,"1 rue de la Poste",,"yes","59910","BONDUES",2,,"CHANDELIER"
108,"30 rue Fouquet Lelong ","Apt 5","yes","59910","BONDUES",13,,
109,"670 Avenue du Général de Gaulle",,"yes","59910","BONDUES",29,,"VAN HEEMS"
110,"756 avenue du Gal de Gaulle",,"yes","59910","BONDUES",,,
111,"166 rue Léon Piérard",,"yes","59111","BOUCHAIN",28,,
112,"200 rue Léon Piérard",,"yes","59111","BOUCHAIN",29,,"HERLEM"
113,"225 Boulevard Louis Havez",,"yes","59111","BOUCHAIN",29,"SCM","DELANGUE MARAIN"
114,"14 rue Cazin",,"yes","62200","BOULOGNE SUR MER",9,,
115,"19 rue de Marignan",,"yes","62200","BOULOGNE SUR MER",28,,
116,"2 Bis rue Faidherbe",,"yes","62200","BOULOGNE SUR MER",28,,
117,"2 rue de Béthune",,"yes","62200","BOULOGNE SUR MER",28,,
118,"27 Grande Rue",,"yes","62200","BOULOGNE SUR MER",28,,
119,"27 rue Félix Adam",,"yes","62200","BOULOGNE SUR MER",28,,
120,"37 rue de la Lampe",,"yes","62200","BOULOGNE SUR MER",28,,
121,"42 Rue du Mont saint adrien ","C3","yes","62200","BOULOGNE SUR MER",27,,
122,"5 rue Charles Péron",,"yes","62200","BOULOGNE SUR MER",28,,
123,"56 rue des Pipots",,"yes","62200","BOULOGNE SUR MER",28,,
124,"90 rue de Bréquerecque",,"yes","62200","BOULOGNE SUR MER",,,
125,"5 rue Victor Lacroix",,"yes","62860","BOURLON",29,,
126,"120 rue St Joseph",,"yes","59166","BOUSBECQUE",28,,
127,"39 rue de Wervicq",,"yes","59166","BOUSBECQUE",28,,
128,"9 rue Charles Seydoux",,"yes","59222","BOUSIES",29,,
129,"1 rue Eugène Chimot",,"yes","59168","BOUSSOIS",29,,
130,"15 Place Alphonse Bray",,"yes","59123","BRAY DUNES",10,,
131,"16 rue du Groupe Lorraine",,"yes","62117","BREBIERES",19,,
132,"836 Route Nationale",,"yes","62117","BREBIERES",19,,
133,"75 Rue du Périgord","Appt 6","yes","62700","BRUAY LA BUISSIERE",19,,
134,"239 rue Henri Cadot",,"yes","62700","BRUAY LA BUISSIERE",19,,
135,"543 rue Louis Dussart",,"yes","62700","BRUAY LA BUISSIERE",2,,
136,"62 Place Henri Cadot","Rés. Montesquieu ","yes","62700","BRUAY LA BUISSIERE",2,,
137,"17 rue Jean Jaurès",,"yes","59860","BRUAY SUR ESCAUT",29,,
138,"243 rue Jean Jaurès",,"yes","59860","BRUAY SUR ESCAUT",28,,
139,"5 rue François Brasme",,"yes","62160","BULLY LES MINES",,,
140,"81 rue de Bailleul",,"yes","59190","CAESTRE",2,,
141,"16 Rue Antoine Bénard",,"yes","62100","CALAIS",,,
142,"16 rue Jean Jaurés",,"yes","62100","CALAIS",28,,
143,"2 rue Darnel",,"yes","62100","CALAIS",28,,
144,"23 rue Darnel",,"yes","62100","CALAIS",27,,
145,"24 Boulevard Gambetta",,"yes","62100","CALAIS",28,,
146,"3 rue Richelieu",,"yes","62100","CALAIS",28,,
147,"31 rue du Four à Chaux",,"yes","62100","CALAIS",28,,
148,"35 Boulevard Pasteur",,"yes","62100","CALAIS",28,,
149,"5 rue Darnel",,"yes","62100","CALAIS",28,,
150,"6 rue Antoine Bénard",,"yes","62100","CALAIS",28,,
151,"7 rue Paul Bert  ",,"yes","62100","CALAIS",28,,
152,"106 rue de Péronne",,"yes","59400","CAMBRAI",27,,
153,"11 Avenue Michelet",,"yes","59400","CAMBRAI",29,,
154,"12 Rue des Bouchers",,"yes","59400","CAMBRAI",8,,
155,"13 Place du 9 Octobre",,"yes","59400","CAMBRAI",29,,
156,"14 rue du Petit Séminaire",,"yes","59400","CAMBRAI",29,,
157,"18 bis rue de Péronne",,"yes","59400","CAMBRAI",2,,
158,"2 Avenue de la Victoire"," cabinet 1","yes","59400","CAMBRAI",27,,
159,"2 Bis rue de Lille",,"yes","59400","CAMBRAI",27,,
160,"3 rue des Ratelots",,"yes","59400","CAMBRAI",27,,
161,"5 avenue Foch",,"yes","59400","CAMBRAI",29,,
162,"55 Boulevard Vauban",,"yes","59400","CAMBRAI",16,,
163,"60 B rue de Cantimpre",,"yes","59400","CAMBRAI",27,,
164,"65 boulevard Vauban ",,"yes","59400","CAMBRAI",16,,
165,"74 rue St Georges",,"yes","59400","CAMBRAI",27,,
166,"8/10 rue du Canal",,"yes","59400","CAMBRAI",28,,
167,"9 avenue du Maréchal Foch",,"yes","59400","CAMBRAI",28,,
168," rue de la Manutention","Rés. Capucines","yes","59400","CAMBRAI",2,,
169,"80 rue Daniel Ranger",,"yes","62870","CAMPAGNE LES HESDIN",27,,
170,"471 rue Principal",,"yes","62120","CAMPAGNE LES WARDRECQUES",28,,
171,"Rue du Moulin","Pôle Santé ","yes","62170","CAMPIGNEULLES LES PETITES",27,,
172,"209 Bis route Nationale ","BP 11","yes","62360","CAPELLE-LES-BOULOGNE",27,,
173,"5 rue de l'Egalité",,"yes","59180","CAPPELLE LA GRANDE",28,,
174,"19 rue Emile Zola",,"yes","62220","CARVIN",29,,
175,"25 rue Victor Hugo",,"yes","62220","CARVIN",29,,
176,"3 rue du Foyer",,"yes","62220","CARVIN",,,
177,"5 rue du Progrés",,"yes","62220","CARVIN",29,,
178,"15 Grand Place",,"yes","59670","CASSEL",22,,
179,"22 Bis rue Victor Hugo",,"yes","59540","CAUDRY",29,,
180,"37 rue de Cambrai",,"yes","59540","CAUDRY",28,,
181,"91 Route Nationale",,"yes","59152","CHERENG",2,,
182,"135 route de Gonnehem",,"yes","62920","CHOCQUES",2,,
183,"14 rue de la République",,"yes","59560","COMINES",2,,
184,"54 Avenue du Maréchal Leclerc",,"yes","59560","COMINES",2,,
185,"1 Bis rue des Bergeronnettes",,"yes","59163","CONDE SUR ESCAUT",29,,
186,"27 rue Faidherbe",,"yes","59163","CONDE SUR ESCAUT",,,
187,"28 rue Maréchal ",,"yes","59163","CONDE SUR ESCAUT",28,,
188,"7 Bis rue de Verdun",,"yes","62360","CONDETTE",23,,
189,"50 Chemin Rouge Cambre",,"yes","62231","COQUELLES",28,,
190,"644 Avenue Charles de Gaulle",,"yes","62231","COQUELLES",28,,
191,"1 rue Rabelais",,"yes","59210","COUDEKERQUE BRANCHE",2,,
192,"63 Bd Vauban",,"yes","59210","COUDEKERQUE BRANCHE",28,,
193,"149 rue des Hauts Champs",,"yes","62137","COULOGNE",27,,
194,"24 rue Emilienne Moreau",,"yes","62970","COURCELLES LES LENS",19,,
195,"6 rue Ferrer",,"yes","62970","COURCELLES LES LENS",,,
196,"8 ter rue Fernand Stassin",,"yes","59552","COURCHELETTES",19,,
197,"57 A Avenue du Général Leclerc",,"yes","62710","COURRIERES",2,,
198,"58 rue des Fusillés",,"yes","62710","COURRIERES",2,,
199,"402 rue des Déportés",,"yes","59154","CRESPIN",29,,
200,"2 rue Albert Michel",,"yes","62128","CROISILLES",19,,
201,"1 rue de l'Ouest",,"yes","59170","CROIX",2,,
202,"103 Boulevard Emile Zola",,"yes","59170","CROIX",29,,
203,"107 rue Jean Jaurès",,"yes","59170","CROIX",,,
204,"2 Avenue Jussieu",,"yes","59170","CROIX",29,,
205,"3 Contour Saint Martin",,"yes","59170","CROIX",29,,
206,"308 rue Jean Jaurès",,"yes","59170","CROIX",29,,
207,"57 Avenue de Flandre",,"yes","59170","CROIX",2,,
208,"136 Avenue de la Libération",,"yes","62780","CUCQ",27,,
209,"457 avenue d'Etaples",,"yes","62780","CUCQ",10,,
210,"30 bis rue Jean Jaurès",,"yes","62149","CUINCHY",2,,
211,"105 Route de Genech",,"yes","59830","CYSOING",29,,
212,"211 rue Demesmay",,"yes","59830","CYSOING",2,,
213,"346 Avenue Ladreyt",,"yes","59830","CYSOING",,,
214,"83 rue Roger Salengro",,"yes","59830","CYSOING",13,,
215,"1 rue Duysburgh",,"yes","59220","DENAIN",14,,
216,"10 rue Guy Naturel",,"yes","59220","DENAIN",29,,
217,"14 RUE DU MARECHAL LECLERC",,"yes","59220","DENAIN",29,,
218,"59 Rue Desandrouins",,"yes","59220","DENAIN",29,,
219,"10 rue du Château",,"yes","62240","DESVRES",27,,
220,"2 rue Zéphirin Gengembre",,"yes","62460","DIVION",2,,
221,"6 Place des Martyrs",,"yes","62460","DIVION",2,,
222,"197 Place du Barlet",,"yes","59500","DOUAI",2,,
223,"22 rue Jean de Gouy",,"yes","59500","DOUAI",28,,
224,"25 Boulevard de la République",,"yes","59500","DOUAI",19,,
225,"262 Place du Barlet",,"yes","59500","DOUAI",14,,
226,"265 rue de Paris",,"yes","59500","DOUAI",2,,
227,"3 rue de Valenciennes",,"yes","59500","DOUAI",29,,
228,"313 rue de Flers",,"yes","59500","DOUAI",28,,
229,"45 rue Saint-Thomas",,"yes","59500","DOUAI",29,,
230,"56 rue Saint Vaast",,"yes","59500","DOUAI",29,,
231,"68 rue Lambrecht",,"yes","59500","DOUAI",19,,
232,"93 rue de la Tour de Bourgogne",,"yes","59500","DOUAI",29,,
234,"101 Avenue de la République",,"yes","59282","DOUCHY LES MINES",28,,
235,"13 Avenue Julien Renard",,"yes","59282","DOUCHY LES MINES",28,,
236,"3 rue Pasteur",,"yes","59282","DOUCHY LES MINES",28,,
237,"33/1 rue Paul Eluard",,"yes","59282","DOUCHY LES MINES",29,,
238,"8 rue gambetta",,"yes","62119","DOURGES",29,,
239,"47 rue Jean Jaurès",,"yes","62138","DOUVRIN",29,,
240,"1 rue David d'Angers",,"yes","59140","DUNKERQUE",10,,
241,"10 Place de la République",,"yes","59140","DUNKERQUE",28,,
242,"10 rue David d'Angers",,"yes","59140","DUNKERQUE",28,,
243,"127 Avenue de la Mer",,"yes","59240","DUNKERQUE",28,,
244,"1317 Avenue de Rosendaël",,"yes","59140","DUNKERQUE",28,,
245,"20 rue du Docteur Louis Lemaire",,"yes","59140","DUNKERQUE",28,,
246,"24 rue de l Amiral RONARCH",,"yes","59140","DUNKERQUE",28,,
247,"24 rue du Maréchal French",,"yes","59140","DUNKERQUE",10,,
248,"28 rue Thiers",,"yes","59140","DUNKERQUE",28,,
249,"29 rue de Bourgogne",,"yes","59140","DUNKERQUE",2,,
250,"31 Rue de Bourgogne",,"yes","59140","DUNKERQUE",28,,
251,"31 rue de Valenciennes",,"yes","59240","DUNKERQUE",10,,
252,"47 Avenue du Casino",,"yes","59240","DUNKERQUE",28,,
253,"5 Place Charles Valentin",,"yes","59140","DUNKERQUE",28,,
254,"50 rue Henri Terquem",,"yes","59140","DUNKERQUE",28,,
255,"58 Avenue Gaspard Malo",,"yes","59240","DUNKERQUE",2,,
256,"58 rue des Poilus",,"yes","59240","DUNKERQUE",28,,
257,"7 Place des Martyrs de la Résistance",,"yes","59240","DUNKERQUE",28,,
258,"74 rue Poincaré",,"yes","59140","DUNKERQUE",28,,
259,"754 Boulevard de la République",,"yes","59240","DUNKERQUE",28,,
260,"96 Av. de la Mer Malo-Les-Bains",,"yes","59240","DUNKERQUE",,,
261," 3 Rue Lavoisier","Résidence Lavoisier","yes","59140","DUNKERQUE",,,
262,"72 rue Charles Ferrand",,"yes","62300","ELEU DIT LEAUWETTE",2,,
263,"65 Chaussée Brunehaut",,"yes","59530","ENGLEFONTAINE",28,,
264,"26 rue Jean Jaurès",,"yes","59710","ENNEVELIN",29,,
265,"3 rue des Tisserands"," Les Bords de la Lys Bât A","yes","59193","ERQUINGHEM LYS",29,,
266,"394 rue Vaillant",,"yes","59171","ERRE HORNAING",29,,
267,"12 Place Bergerot",,"yes","59470","ESQUELBECQ",1,,
268,"122 Avenue Bernard Chochoy",,"yes","62380","ESQUERDES",4,,
269,"13 Rue du Président Kennedy",,"yes","59940","ESTAIRES",2,,
270,"3 place Montmorency",,"yes","59940","ESTAIRES",2,,
271,"30 Ter rue de Lille",,"yes","59940","ESTAIRES",2,,
272,"4 rue Emile Roche",,"yes","59940","ESTAIRES",2,,
273,"Avenue Haute Picardie",,"yes","80200","ESTREES DENIECOURT",27,,
274,"17 rue Désiré Deboffe",,"yes","62630","ETAPLES",2,,
275,"29 rue de Montreuil",,"yes","62630","ETAPLES",27,,
276,"31 rue de Montreuil",,"yes","62630","ETAPLES",27,,
277,"4 rue Gustave Vassal",,"yes","62630","ETAPLES",27,,
278,"49 rue St Pierre"," Pôle Santé des Cronquelets","yes","62630","ETAPLES",2,,
279,"68 Boulevard de l'Impératrice ","BP 112","yes","62630","ETAPLES",27,,
280,"21 rue de Kouffra",,"yes","59155","FACHES THUMESNIL",29,,
281,"88 rue Carnot",,"yes","59155","FACHES THUMESNIL",13,,
282,"1 rue Edmond Guillaume",,"yes","59300","FAMARS",28,,
283,"480 Avenue Roland Huguet",,"yes","62560","FAUQUEMBERGUES",4,,
284,"170 rue Jules Domise",,"yes","59247","FECHAIN",29,,
285,"24 rue de la République",,"yes","59750","FEIGNIES",14,,
286,"98 rue de la République",,"yes","59750","FEIGNIES",17,,
287,"2 rue Jules Guesde",,"yes","59179","FENAIN",29,,
288,"27 rue Heureuse",,"yes","59610","FERON",17,,
289,"1040 Avenue Georges Clémenceau",,"yes","59680","FERRIERE LA GRANDE",29,,
290,"21 rue Salengro",,"yes","59128","FLERS EN ESCREBIEUX",29,,
291,"107 rue du HEM",,"yes","59148","FLINES LEZ RACHES",2,,
292,"170 Boulevard des Alliés",,"yes","59148","FLINES LEZ RACHES",29,,
293,"25 Avenue du Cateau"," BP 90048","yes","59550","FONTAINE AU BOIS",29,,
294,"71 rue Principale",,"yes","59510","FOREST SUR MARQUE",13,,
295,"17 rue Alexandre Bernard",,"yes","62740","FOUQUIERES LES LENS",29,,
296,"1399 rue Faidherbe",,"yes","59134","FOURNES EN WEPPES",29,,
297,"18 rue d'Armentières",,"yes","59236","FRELINGHIEN",16,,
298,"8 Place Vaillant Couturier",,"yes","59970","FRESNES SUR ESCAUT",27,,
299,"19 rue de Doullens",,"yes","62270","FREVENT",27,,
300,"106 rue Nationale",,"yes","59254","GHYVELDE",28,,
301,"15 rue Désiré Ringot",,"yes","59147","GONDECOURT",13,,
302,"78 rue Nationale",,"yes","59147","GONDECOURT",23,,
303,"4 rue de Provence",,"yes","59760","GRANDE SYNTHE",28,,
304,"Rue Reaumur","Résidence Reaumur","yes","59760","GRANDE SYNTHE",28,,
305,"Rue Pierre Loti",,"yes","59760","GRANDE SYNTHE",28,,
306,"Rue de Lorraine",,"yes","59153","GRAND-FORT-PHILIPPE",,,
307,"10 rue de Calais",,"yes","59820","GRAVELINES",28,,
308,"2 rue de la République",,"yes","59820","GRAVELINES",28,,
309,"40 bis rue Emile Zola",,"yes","62160","GRENAY",2,,
310,"Rue Julien Hapiot",,"yes","62160","GRENAY",14,,
311,"28 rue Sidney Bown",,"yes","62340","GUINES",27,,
312,"9 Av.du Camp du Drap d'Or",,"yes","62340","GUINES",27,,
313,"9 rue du Maréchal Joffre",,"yes","62340","GUINES",22,,
314,"2 RUE LESAGE",,"yes","62940","HAILLICOURT",19,,
315,"21 avenue du Pays à Part",,"yes","62940","HAILLICOURT",2,,
316,"15 rue Roger Salengro",,"yes","62138","HAISNES",2,,
317,"1 rue Emile Zola",,"yes","59320","HALLENNES LEZ HAUBOURDIN",,,
318,"270 rue des Bourreliers",,"yes","59320","HALLENNES LEZ HAUBOURDIN",29,,
319,"63 rue du Général de Gaulle",,"yes","59320","HALLENNES LEZ HAUBOURDIN",23,,
320,"2 F Allée des Glaïeuls",,"yes","59250","HALLUIN",2,,
321,"7 rue de l'Abbé Bonpain",,"yes","59250","HALLUIN",29,,
322,"20 Chemin du Bois",,"yes","62440","HARNES",29,,
323,"5 Bis rue Anatole France",,"yes","59178","HASNON",14,,
324,"193 rue Sadi Carnot",,"yes","59320","HAUBOURDIN",2,,
325,"57 rue Sadi Carnot",,"yes","59320","HAUBOURDIN",2,,
326,"110 rue de l'Abattoir",,"yes","59330","HAUTMONT",28,,
327,"20 rue Caroly Mary",,"yes","59330","HAUTMONT",1,,
328,"205 rue Gambetta",,"yes","59330","HAUTMONT",29,,
329,"21 rue Nationale",,"yes","59330","HAUTMONT",28,,
330,"26 rue Faidherbe",,"yes","59330","HAUTMONT",14,,
331,"6 rue Thiers",,"yes","59330","HAUTMONT",14,,
332,"11 rue Depoorter",,"yes","59190","HAZEBROUCK",2,,
333,"2 rue Jeanne d'Arc",,"yes","59190","HAZEBROUCK",23,,
334,"24 rue d'Aire",,"yes","59190","HAZEBROUCK",2,,
335,"25 rue Nationale",,"yes","59190","HAZEBROUCK",2,,
336,"48 rue du Rivage",,"yes","59190","HAZEBROUCK",2,,
337,"5 rue de Dunkerque",,"yes","59190","HAZEBROUCK",23,,
338,"rue des Augustins","Ilôt Saint Eloi ","yes","59190","HAZEBROUCK",23,,
339,"166 Rue Roger Salengro",,"yes","59260","HELLEMMES",2,,
340,"215 rue Roger Salengro",,"yes","59260","HELLEMMES",13,,
341,"25 Pavé du Moulin"," BP 1","yes","59260","HELLEMMES",29,,
342,"379 rue Chanzy",,"yes","59260","HELLEMMES",29,,
343,"118 Boulevard Clémenceau",,"yes","59510","HEM",18,,
344,"14 rue Jules Guesde",,"yes","59510","HEM",29,,
345,"169 Avenue du Docteur Calmette",,"yes","59510","HEM",13,,
346,"7 rue des Ecoles",,"yes","59510","HEM",2,,
347,"10 Place Wagon",,"yes","62110","HENIN BEAUMONT",29,,
348,"36 rue de l' Abbaye",,"yes","62110","HENIN BEAUMONT",2,,
349,"65 rue de Valmy",,"yes","62110","HENIN BEAUMONT",29,,
350,"2 rue Basly",,"yes","59199","HERGNIES",28,,
351,"30 rue Jean-Jacques Rousseau",,"yes","59195","HERIN",28,,
352,"32 rue du Bourg",,"yes","59134","HERLIES",13,,
353,"6 rue de Beaumetz ","Maison Médicale","yes","62147","HERMIES",29,,
354,"15 rue Emile Basly",,"yes","62530","HERSIN COUPIGNY",23,,
355,"5 avenue du pont Major",,"yes","62140","HESDIN",27,,
356,"1133 Route Nationale",,"yes","62360","HESDIN L'ABBE",28,,
357,"6 rue Blaise",,"yes","59171","HORNAING",29,,
358,"44 bis rue Henri Durant",,"yes","62150","HOUDAIN",2,,
359,"53 rue Jean Jaurès",,"yes","59263","HOUPLIN-ANCOISNE",25,,
360,"28 rue Victor Hugo",,"yes","59116","HOUPLINES",29,,
361,"9 rue de la Liberté",,"yes","59116","HOUPLINES",23,,
362,"29 Bis Route d'Hondschoote",,"yes","59492","HOYMILLE",28,,
363,"8 rue de la Longeville",,"yes","62650","HUCQUELIERS",4,,
364,"6 Place Basly",,"yes","62330","ISBERGUES",2,,
365,"40 rue Foch",,"yes","59141","IWUY",27,,
366,"31 rue Jean Jaurès",,"yes","59460","JEUMONT",14,,
367,"11 rue Pauline Houdoye",,"yes","59480","LA BASSEE",2,,
368,"53 rue de Lille",,"yes","59480","LA BASSEE",29,,
369,"2039 Route Nationale",,"yes","59930","LA CHAPELLE D'ARMENTIERES",2,,
370,"313  Route Nationale",,"yes","59930","LA CHAPELLE D'ARMENTIERES",2,,
371,"61 Bis Route Nationale",,"yes","59930","LA CHAPELLE D'ARMENTIERES",2,,
372,"63 Route Nationale",,"yes","59930","LA CHAPELLE D'ARMENTIERES",2,,
373,"89 rue du Colonel Bento Roma",,"yes","62136","LA COUTURE",2,,
374,"170 rue du Gl de Gaulle ","Le Point Central","yes","59110","LA MADELEINE",2,,
375,"2 rue de la Libération",,"yes","59110","LA MADELEINE",28,,
376,"2 rue Pasteur",,"yes","59110","LA MADELEINE",2,,
377,"251 Bis Avenue de la République",,"yes","59110","LA MADELEINE",,,
378,"61 rue de la Concorde",,"yes","59110","LA MADELEINE",23,,
379,"95 Bis rue Georges Pompidou",,"yes","59110","LA MADELEINE",2,,
380,"1 rue Jean Carpezat",,"yes","59174","LA SENTINELLE",28,,
381,"33 rue Pasteur",,"yes","59167","LALLAING",29,,
382,"115 Avenue Sainte Cécile",,"yes","59130","LAMBERSART",2,,
383,"169 rue du Bourg",,"yes","59130","LAMBERSART",2,,
384,"18 Place de la Cessoie",,"yes","59130","LAMBERSART",2,,
385,"201 Av du Maréchal Leclerc",,"yes","59130","LAMBERSART",2,,
386,"23 Avenue Becquart",,"yes","59130","LAMBERSART",,,
387,"233 rue de Lompret",,"yes","59130","LAMBERSART",26,,
388,"236 Rue du Bourg",,"yes","59130","LAMBERSART",,,
389,"384 Avenue de Dunkerque",,"yes","59130","LAMBERSART",2,,
390,"4 rue Flament Reboux",,"yes","59130","LAMBERSART",29,,
391,"440 Avenue de Dunkerque",,"yes","59130","LAMBERSART",29,,
392,"9 rue Desmazières",,"yes","59130","LAMBERSART",28,,
393,"99 rue du Bourg",,"yes","59130","LAMBERSART",29,,
394,"875 rue Gallièni",,"yes","59552","LAMBRES LEZ DOUAI",2,,
395,"1 rue Jeanne de Lallaing",,"yes","59550","LANDRECIES",17,,
396,"48 bis Route d'Happegarbes",,"yes","59550","LANDRECIES",29,,
397,"245 bis rue Jean Jaurés",,"yes","62122","LAPUGNOY",2,,
398,"14 Grand Rue",,"yes","62810","LATTRE-ST-QUENTIN",19,,
399,"22 rue du 11 Novembre",,"yes","62840","LAVENTIE",14,,
400,"25 rue Fontellaye Déjardin",,"yes","59360","LE CATEAU",29,,
401,"14 rue de Montay",,"yes","59360","LE CATEAU CAMBRESIS",29,,
402,"27 rue Carnot",,"yes","62480","LE PORTEL",,,
403,"11 rue Victor Hugo",,"yes","59530","LE QUESNOY",28,,
404,"14 rue de L'Aulette",,"yes","59530","LE QUESNOY",28,,
405,"17 rue du Maréchal Joffre",,"yes","59530","LE QUESNOY",28,,
406,"3 Chemin de Ghissignies",,"yes","59530","LE QUESNOY",28,,
407,"37 Rue Thiers",,"yes","59530","LE QUESNOY",28,,
408,"37 rue de Desvres",,"yes","62520","LE TOUQUET",27,,
409,"42 rue de Metz",,"yes","62520","LE TOUQUET",10,,
410,"1721 Route de Roubaix",,"yes","59276","LECELLES",28,,
411,"7 rue du Général de Gaulle ",,"yes","59115","LEERS",2,,
412,"123 Boulevard JB Trystram",,"yes","59495","LEFFRINCKOUCKE",28,,
413,"478 boulevard J B Trystram",,"yes","59495","LEFFRINCKOUCKE",2,,
414,"18 Bis rue Victor Hugo",,"yes","62790","LEFOREST",2,,
415,"9 rue Lazaro Carnot",,"yes","62790","LEFOREST",29,,
416,"14 Avenue de Varsovie",,"yes","62300","LENS",2,,
417,"2 rue de la Fonderie",,"yes","62300","LENS",29,,
418,"22 rue du Champ de Mars",,"yes","62300","LENS",23,,
420,"29 rue Victor Picard",,"yes","62300","LENS",22,,
421,"36 rue Séraphin Cordier",,"yes","62300","LENS",2,,
422,"47 avenue de Varsovie",,"yes","62300","LENS",2,,
424,"62 boulevard Emile Basly",,"yes","62300","LENS",29,,
425,"126 rue Etienne Flament",,"yes","62300","LENS",,,
426,"93 rue Jean Letienne",,"yes","62300","LENS",2,,
427,"27 Rue Schuman",,"yes","59810","LESQUIN",13,,
428,"3 rue Nouvelle",,"yes","59810","LESQUIN",29,,
429,"5 rue Nouvelle",,"yes","59810","LESQUIN",29,,
430,"101 rue d'erchin",,"yes","59287","LEWARDE",27,,
431,"9 Bis rue Faidherbe",,"yes","59260","LEZENNES",14,,
432,"14 Place de l' Hotel de ville",,"yes","62820","LIBERCOURT",,,
433,"37 rue Cyprien Quinet",,"yes","62820","LIBERCOURT",29,,
434,"73 rue Cyprien Quinet",,"yes","62820","LIBERCOURT",29,,
435,"678 rue Antoine de Lumbres",,"yes","62850","LICQUES",28,,
436,"74 avenue Jean Jaurés",,"yes","62800","LIEVIN",2,,
437,"97 rue A.Dilly",,"yes","62800","LIEVIN",19,,
438,"1 Ter rue de Valmy",,"yes","59000","LILLE",2,,
439,"11 Avenue du Président J-F Kennedy",,"yes","59000","LILLE",2,,
440,"116 rue Nationale",,"yes","59800","LILLE",2,,
441,"12 rue Meurein",,"yes","59000","LILLE",29,,
442,"126 rue Nationale",,"yes","59000","LILLE",2,,
443,"128 rue Jacquemars Giélée",,"yes","59800","LILLE",29,,
444,"129 Bd Victor Hugo",,"yes","59000","LILLE",2,,
445,"13/15 rue des Canonniers",,"yes","59800","LILLE",2,,
446,"14 rue Saint Génois",,"yes","59800","LILLE",2,,
447,"146 rue de Marquillies",,"yes","59000","LILLE",29,,
448,"17 Boulevard Vauban",,"yes","59000","LILLE",28,,
449,"18 rue Saint Jacques",,"yes","59800","LILLE",29,,
450,"185 Bis rue des Bois Blancs",,"yes","59800","LILLE",29,,
451,"19 rue d'Arras",,"yes","59000","LILLE",28,,
452,"20 place Sébastopol",,"yes","59000","LILLE",,,
453,"20 rue Armand Carel",,"yes","59000","LILLE",29,,
454,"22 rue Royale",,"yes","59000","LILLE",29,,
455,"235 rue Nationale",,"yes","59000","LILLE",29,,
456,"26 rue Royale",,"yes","59800","LILLE",29,,
457,"270 rue Pierre Legrand",,"yes","59800","LILLE",2,,
458,"128 rue du Faubourg D'Arras",,"yes","59000","LILLE",26,,
459,"291 rue du faubourg des Postes",,"yes","59000","LILLE",29,,
460,"299 rue Nationale",,"yes","59000","LILLE",2,,
461,"3 Place Cormontaigne",,"yes","59000","LILLE",29,,
462,"3 rue Jean Sans Peur",,"yes","59800","LILLE",2,,
463,"30 Rue du Pont Neuf",,"yes","59000","LILLE",29,,
464,"31 Avenue du Président Kennedy",,"yes","59000","LILLE",29,,
465,"32 rue de l'Arc",,"yes","59000","LILLE",13,,
466,"33 rue Gustave Delory",,"yes","59800","LILLE",2,,
467,"36 bis rue Nicolas Leblanc",,"yes","59000","LILLE",2,,
468,"37 rue Colbert",,"yes","59800","LILLE",12,,
469,"39 rue des Arts",,"yes","59800","LILLE",2,,
470,"4 rue de la Chambre des Comptes",,"yes","59000","LILLE",2,,
471,"42/46 rue du Buisson-Rés.Genévriers",,"yes","59800","LILLE",2,,
472,"48 rue Saint Gabriel",,"yes","59000","LILLE",29,,
473,"51 rue de Belfort",,"yes","59000","LILLE",29,,
474,"53 Boulevard Carnot",,"yes","59800","LILLE",29,,
475,"58 rue Léon Gambetta",,"yes","59000","LILLE",29,,
476,"6 rue Faidherbe",,"yes","59800","LILLE",10,,
477,"78 Rue de Paris",,"yes","59800","LILLE",29,,
478,"8 Rue Armand Carrel",,"yes","59000","LILLE",29,,
479,"8 Rue Colbert",,"yes","59000","LILLE",2,,
480,"8 rue des Postes",,"yes","59000","LILLE",2,,
481,"82 bis rue Ratisbonne",,"yes","59000","LILLE",13,,
482,"83 Avenue Marx Dormoy "," R de C","yes","59000","LILLE",29,,
483,"87 rue Royale",,"yes","59800","LILLE",29,,
484,"94 rue du Faubourg des Postes",,"yes","59000","LILLE",,,
485,"avenue de Mormale ","Résidence Citeaux Entrée 4","yes","59000","LILLE",29,,
486,"77 rue Léon Gambetta","Le Gounod IV ","yes","59000","LILLE",2,,
487,"4 Bd Papin","Résidence les Thermes ","yes","59800","LILLE",29,,
488,"44 rue d'Aire",,"yes","62190","LILLERS",14,,
489,"120 rue Achille Fanien","ZAC de la Haye ","yes","62190","LILLERS",,,
490,"3 rue de Tourcoing",,"yes","59126","LINSELLES",2,,
491,"7 rue de Lille","Rés.Masurel ","yes","59126","LINSELLES",29,,
492,"7 Place de l' Europe",,"yes","62400","LOCON",14,,
493,"68 rue Léon Blum",,"yes","62218","LOISON SOUS LENS",2,,
494,"19 rue Anne Delavaux",,"yes","59160","LOMME",27,,
495,"291 avenue de Dunkerque",,"yes","59160","LOMME",13,,
496,"293 bis Avenue de Dunkerque",,"yes","59160","LOMME",2,,
497,"660 Avenue de Dunkerque",,"yes","59160","LOMME",2,,
498,"807 avenue de Dunkerque",,"yes","59160","LOMME",2,,
499,"876 Avenue de Dunkerque",,"yes","59160","LOMME",2,,
500,"75 rue de L'Eglise",,"yes","59840","LOMPRET",2,,
501,"19/5 Allée des bruyeres",,"yes","62219","LONGUENESSE",2,,
502,"3 rue des Frères camus",,"yes","62219","LONGUENESSE",2,,
503,"608 rue Paul Matrenghen",,"yes","59279","LOON PLAGE",28,,
504,"8 Place de l'Eglise  "," étage B","yes","59279","LOON PLAGE",28,,
505,"19 rue du Maréchal Foch",,"yes","59120","LOOS",2,,
507,"39 rue du 8 Mai",,"yes","62750","LOOS EN GOHELLE",2,,
508,"487 rue Jean Jaurès",,"yes","59156","LOURCHES",,,
509,"3 rue Négrier",,"yes","59390","LYS LEZ LANNOY",1,,
510,"47 rue Jean-Baptiste Lebas",,"yes","59390","LYS LEZ LANNOY",28,,
511,"57 Ter rue du Général Leclerc",,"yes","59390","LYS LEZ LANNOY",2,,
512,"97 rue de Roubaix ",,"yes","59390","TOUFFLERS",2,,
513,"14 rue Victor Hugo",,"yes","59233","MAING",28,,
514,"6 rue des Ecoliers",,"yes","62120","MAMETZ",2,,
515,"1 rue Jean Jaurès",,"yes","59870","MARCHIENNES",29,,
516,"6 rue Pasteur",,"yes","59870","MARCHIENNES",14,,
517,"717 Avenue de Calais",,"yes","62730","MARCK",28,,
518,"134 Bd Clémenceau",,"yes","59700","MARCQ EN BAROEUL",14,,
519,"138 boulevard Georges Clémenceau",,"yes","59700","MARCQ EN BAROEUL",2,,
520,"15 Avenue Foch "," cabinet A","yes","59700","MARCQ EN BAROEUL",13,,
521,"2 rue de la Rianderie",,"yes","59700","MARCQ EN BAROEUL",14,,
522,"21 rue du Docteur Ducroquet",,"yes","59700","MARCQ EN BAROEUL",1,,
523,"280 Boulevard Clémenceau",,"yes","59700","MARCQ EN BAROEUL",14,,
524,"296 rue de la Rianderie",,"yes","59700","MARCQ EN BAROEUL",29,,
525,"31 Place Lisfranc",,"yes","59700","MARCQ EN BAROEUL",29,,
526,"48 rue de L'Abbé Lemire",,"yes","59700","MARCQ EN BAROEUL",14,,
527,"528 Avenue de la République",,"yes","59700","MARCQ EN BAROEUL",28,,
528,"8 rue du Docteur Ducroquet",,"yes","59700","MARCQ EN BAROEUL",14,,
529,"848 Avenue de la République",,"yes","59700","MARCQ EN BAROEUL",,,
530,"920 Avenue de la République",,"yes","59700","MARCQ EN BAROEUL",23,,
531,"16 rue du maréchal Galliéni   ","Cabinet A","yes","59238","MARETZ",,,
532,"2 rue du Château",,"yes","02140","MARFONTAINE",,,
533,"151 avenue Henri Barbusse",,"yes","59770","MARLY",,,
534,"28 rue Jean Jaurès",,"yes","59770","MARLY",28,,
535,"81 Avenue Henri Barbusse",,"yes","59770","MARLY",28,,
536,"471 route de Neuville",,"yes","62161","MAROEUIL",29,,
537,"9 rue de la Place",,"yes","62161","MAROEUIL",12,,
538,"121 grande Rue",,"yes","59550","MAROILLES",29,,
539,"5 rue Jean Baptiste Lebas",,"yes","59164","MARPENT",29,,
540,"58 rue de la République",,"yes","59164","MARPENT",28,,
541,"3 rue Léon Blum",,"yes","59252","MARQUETTE EN OSTREVANT",29,,
542,"19 rue Georges Maertens",,"yes","59520","MARQUETTE LEZ LILLE",14,,
543,"7 rue des Martyrs de la Résistance",,"yes","59520","MARQUETTE LEZ LILLE",29,,
544,"89 Route Nationale",,"yes","62860","MARQUION",19,,
545,"1 Rue du Docteur Schweitzer",,"yes","62250","MARQUISE",,,
546,"20 Rue de la Fabrique",,"yes","59176","MASNY",29,,
547,"10 Boulevard de l'Europe",,"yes","59600","MAUBEUGE",29,,
548,"12 Bd des Rois de France",,"yes","59600","MAUBEUGE",29,,
549,"2 Allée Verte",,"yes","59600","MAUBEUGE",28,,
550,"4 Rue Alfred de Vigny",,"yes","59600","MAUBEUGE",21,,
551,"Rue de La Corniche "," Les Nerviens","yes","59600","MAUBEUGE",29,,
552,"Porte de Mons","Vauban C ","yes","59600","MAUBEUGE",28,,
553,"18 rue Berthelot",,"yes","62670","MAZINGARBE",29,,
554,"4 rue Victor Hugo",,"yes","62680","MERICOURT",2,,
555,"40 rue Pasteur",,"yes","62680","MERICOURT",29,,
556,"290 rue du Général Leclerc",,"yes","59710","MERIGNIES",13,,
557,"20 Route de la Gorgue",,"yes","59660","MERVILLE",29,,
558,"21 rue du Pont de Pierre ",,"yes","59660","MERVILLE",,,
559,"98 rue du Général de Gaulle",,"yes","59660","MERVILLE",29,,
560,"46 rue Nationale",,"yes","59270","METEREN",2,,
561,"26 rue Jules Guesde",,"yes","62410","MEURCHIN",19,,
562,"25 Avenue Robert Schuman",,"yes","59370","MONS EN BAROEUL",29,,
563,"27 rue du Maréchal Lyautey",,"yes","59370","MONS EN BAROEUL",29,,
564,"58 Avenue Robert Schuman",,"yes","59370","MONS EN BAROEUL",29,,
565,"69 rue Voltaire",,"yes","59370","MONS EN BAROEUL",29,,
566,"25 rue Jean Jaurés",,"yes","62640","MONTIGNY  EN GOHELLE",10,,
567,"12 rue de la Licorne",,"yes","62170","MONTREUIL",27,,
568,"14 Place du Général de Gaulle",,"yes","62170","MONTREUIL",27,,
569,"29 Place du Général de Gaulle",,"yes","62170","MONTREUIL",27,,
570,"30 rue Saint Firmin",,"yes","59190","MORBECQUE",2,,
571,"57 rue P. Boeynaems",,"yes","59158","MORTAGNE du NORD",29,,
572,"4 Rue du 8 Mai 1945",,"yes","62910","MOULLE",29,,
573,"148 Bis rue de Roubaix",,"yes","59420","MOUVAUX",14,,
574,"6 rue Franklin Roosevelt",,"yes","59420","MOUVAUX",,,
575,"7 rue Régis Corselle",,"yes","59420","MOUVAUX",29,,
576,"144 rue de Tourcoing",,"yes","59960","NEUVILLE EN FERRAIN",29,,
577,"30 rue de Tourcoing","Jardins du Presbytère ","yes","59960","NEUVILLE EN FERRAIN",14,,
578,"30 rue de Tourcoing",,"yes","59960","NEUVILLE EN FERRAIN",14,,
579,"42 rue Fernand Lecroart",,"yes","59660","NEUVILLE EN FERRAIN",28,,
580,"1651 rue d'Armentières",,"yes","59850","NIEPPE",23,,
581,"201 Place du Général de Gaulle",,"yes","59850","NIEPPE",2,,
582,"32 rue Viviane Romance"," Rés. Voltaire","yes","59850","NIEPPE",29,,
583,"1 rue Courbet",,"yes","62290","NOEUX LES MINES",2,,
584,"209 rue Nationale",,"yes","62290","NOEUX LES MINES",2,,
585,"314 rue Nationale",,"yes","62290","NOEUX LES MINES",2,,
586,"13 rue Jean Baptiste Lebas",,"yes","59310","NOMAIN",29,,
587,"10 rue Carnot",,"yes","62950","NOYELLES GODAULT",19,,
588,"12 RUE DE VERDUN",,"yes","62950","NOYELLES GODAULT",29,,
589,"28 rue Ernest Renan",,"yes","62590","OIGNIES",2,,
590,"33 rue Marcel Sembat",,"yes","62590","OIGNIES",19,,
591,"131 Rue Jean Jaurès",,"yes","59264","ONNAING",34,,
592,"1 rue de la Poterne",,"yes","59310","ORCHIES",29,,
593,"11 rue François Herbo",,"yes","59310","ORCHIES",29,,
594,"15 rue François Herbo   ",,"yes","59310","ORCHIES",28,,
595,"24 rue Jules Ferry",,"yes","59130","ORCHIES",28,,
596,"7 Allée Alphonse Leroux",,"yes","59310","ORCHIES",23,,
597,"1 Bis Route Villers-Pol",,"yes","59530","ORSINVAL",28,,
598,"136 Boulevard de la Liberté",,"yes","62230","OUTREAU",28,,
599,"22 Boulevard Splingard",,"yes","62230","OUTREAU",28,,
600,"24 Bis rue du Professeur Clerc",,"yes","62230","OUTREAU",10,,
601,"6 Impasse des Sports",,"yes","62215","OYE PLAGE",28,,
602,"161 rue de la Prévôté",,"yes","59840","PERENCHIES",2,,
603,"84 rue Edouard Agache",,"yes","59840","PERENCHIES",2,,
604," Rue Edouard Agache","Résidence de la Filature","yes","59840","PERENCHIES",18,,
605,"29 Avenue de Corrézzola",,"yes","59494","PETITE FORET",28,,
606,"75 rue Jacques Pitilion",,"yes","59640","PETITE SYNTHE",28,,
607,"2 rue Georges Pompidou",,"yes","59133","PHALEMPIN",2,,
608,"28 rue Jean Baptiste Lebas",,"yes","59133","PHALEMPIN",29,,
609,"Le Nouveau Village",,"yes","59133","PHALEMPIN",,,
610,"13 bis rue du Gal de Gaulle",,"yes","62880","PONT A VENDIN",19,,
611,"22 rue Edmond Madaré",,"yes","62360","PONT DE BRIQUES",27,,
612,"11 rue de l'Egalité",,"yes","59121","PROUVY",34,,
613,"1 Place de la République",,"yes","59267","PROVILLE",29,,
614,"35 rue Jules Guesde",,"yes","59185","PROVIN",23,,
615,"7 bis rue Jules Guesde",,"yes","59185","PROVIN",29,,
616,"97 Faubourg de Cassel",,"yes","59380","QUAEDYPRE",2,,
617,"73 rue Roger Salengro",,"yes","59243","QUAROUBLE",28,,
618,"34 rue Koenig",,"yes","59890","QUESNOY SUR DEULE",2,,
619,"4 Place du Général de Gaulle",,"yes","59890","QUESNOY SUR DEULE",2,,
620,"40 rue Belle Croix",,"yes","59890","QUESNOY SUR DEULE",29,,
621,"13 rue du Quesnoy",,"yes","59920","QUIEVRECHAIN",28,,
622,"15 rue de la Gare",,"yes","59194","RACHES",19,,
623,"313 Route d'Arras",,"yes","59554","RAILLENCOURT STE OLLE",27,,
624,"714 Route d'Arras",,"yes","59554","RAILLENCOURT STE OLLE",27,,
626,"111 A rue Augustin TIRMONT",,"yes","59283","RAIMBEAUCOURT",29,,
627,"462 rue Henri Durre",,"yes","59590","RAISMES",34,,
628,"50 Grand Place",,"yes","59590","RAISMES",14,,
629,"141 Route de Montreuil",,"yes","62180","RANG DU FLIERS",23,,
630,"20 Place Stoven",,"yes","59173","RENESCURE",2,,
631,"3 rue des Charbonniers",,"yes","62136","RICHEBOURG",14,,
632,"2 rue Camille Saint Saens",,"yes","59790","RONCHIN",13,,
633,"261 rue Charles Saint Venant",,"yes","59790","RONCHIN",29,,
634,"518 Avenue Jean Jaurès",,"yes","59790","RONCHIN",13,,
635,"742 Avenue Jean Jaurès",,"yes","59790","RONCHIN",16,,
636,"3 rue des Chalets",,"yes","59223","RONCQ",,,
637,"3 Rue des Chalets ","La Poterie du Blanc Four","yes","59223","RONCQ",28,,
639,"338 rue de Lille",,"yes","59223","RONCQ",,,
640,"365 rue de Lille",,"yes","59223","RONCQ",23,,
641,"395 rue de Lille",,"yes","59223","RONCQ",29,,
642,"412 rue de Lille",,"yes","59223","RONCQ",14,,
643,"122 rue Jean-Baptiste Lebas",,"yes","59286","ROOST WARENDIN",28,,
644,"475 rue Pierre Brossolette",,"yes","59286","ROOST WARENDIN",29,,
645,"1255 rue d'Aire",,"yes","62120","ROQUETOIRE",2,,
646,"56 rue de l'alène d'or",,"yes","59230","ROSULT",28,,
647,"102  Boulevard Montesquieu",,"yes","59100","ROUBAIX",14,,
648,"149 rue Jules Guesde",,"yes","59100","ROUBAIX",14,,
649,"16 Bd du Général de Gaulle",,"yes","59100","ROUBAIX",,,
650,"160 rue de l'Hommelet",,"yes","59100","ROUBAIX",29,,
651,"19 rue des Ecoles",,"yes","59100","ROUBAIX",14,,
652,"21 Boulevard de Mulhouse",,"yes","59100","ROUBAIX",29,,
653,"242 Grand Rue",,"yes","59100","ROUBAIX",,,
654,"24-26 Bd de Reims",,"yes","59100","ROUBAIX",,,
655,"295 rue Montgolfier",,"yes","59100","ROUBAIX",29,,
656,"33 rue Dupleix",,"yes","59100","ROUBAIX",29,,
657,"35 rue Pierre de Roubaix",,"yes","59100","ROUBAIX",23,,
658,"39 rue de l'Epeule",,"yes","59100","ROUBAIX",14,,
659,"40 Avenue Jean Baptiste LEBAS",,"yes","59100","ROUBAIX",14,,
660,"46/72 rue Barbieux ","Résidence Chantilly","yes","59100","ROUBAIX",29,,
661,"558 rue de Lannoy ",,"yes","59100","ROUBAIX",36,,
662,"56 B Boulevard du Général Leclerc",,"yes","59100","ROUBAIX",29,,
663,"62 Rue Henri Dunant ","Rés St Exupéry Apt 2","yes","59100","ROUBAIX",29,,
664,"89 rue Dammartin",,"yes","59100","ROUBAIX",29,,
665,"9 Bis Place du Travail",,"yes","59100","ROUBAIX",2,,
666,"93 rue de Lannoy",,"yes","59100","ROUBAIX",18,,
667,"94 Bd de Fourmies","Rés.B.Palissy ","yes","59100","ROUBAIX",,,
668,"4 rue Pasteur",,"yes","59131","ROUSIES",14,,
669,"183 rue du Général de Gaulle",,"yes","62320","ROUVROY",2,,
670,"40 rue Louis Daubenton",,"yes","62320","ROUVROY",29,,
671,"63 rue Claude Bernard",,"yes","62320","ROUVROY",2,,
672,"273 rue de l'Eglise",,"yes","59226","RUMEGIES",28,,
673,"265 rue de l'égalité",,"yes","59281","RUMILLY EN CAMBRESIS",18,,
674,"37 Place du 19 mars 1962",,"yes","59281","RUMILLY EN CAMBRESIS",27,,
675,"1 Petite Place",,"yes","62113","SAILLY LA BOURSE",28,,
676,"2390 rue de la Lys",,"yes","62840","SAILLY SUR LA LYS",2,,
677,"814 rue des Lauwets ",,"yes","62840","SAILLY SUR LA LYS",2,,
678,"2282 F rue de Lille",,"yes","59262","SAINGHIN EN MELANTOIS",29,,
679,"1 bis rue du Chevalier de la Barre",,"yes","59184","SAINGHIN EN WEPPES",28,,
680,"127 rue Gambetta ","Bât 5","yes","59184","SAINGHIN EN WEPPES",2,,
681,"38 rue Etienne Dolet",,"yes","59184","SAINGHIN EN WEPPES",28,,
682,"11 B rue Léo Lagrange",,"yes","59177","SAINS du NORD",14,,
683,"1 rue Mathieu Dumoulin",,"yes","59230","SAINT AMAND LES EAUX",,,
684,"103 rue de Nivelle",,"yes","59230","SAINT AMAND LES EAUX",28,,
685,"11 Place Gambetta",,"yes","59230","SAINT AMAND LES EAUX",27,,
686,"116 rue de la Wembergue",,"yes","59230","SAINT AMAND LES EAUX",28,,
687,"13 Rue du 18 Juin 1946",,"yes","59230","SAINT AMAND LES EAUX",14,,
688,"5 rue du 18 JUIN 1940",,"yes","59230","SAINT AMAND LES EAUX",34,,
689,"580 rue Henri Durre",,"yes","59230","SAINT AMAND LES EAUX",28,,
690,"61 Place du 11 Novembre",,"yes","59230","SAINT AMAND LES EAUX",28,,
691,"163 rue du Général Leclerc",,"yes","59350","SAINT ANDRE",29,,
692,"5 rue Chanzy ","Apt 207","yes","59350","SAINT ANDRE",28,,
693,"2 rue du Docteur Mellin",,"yes","62223","SAINT LAURENT BLANGY",2,,
694,"28 Avenue des Anciens Combattants",,"yes","62360","SAINT LEONARD",28,,
695,"22 rue de Calais",,"yes","62500","SAINT MARTIN LEZ TATINGHEM",2,,
696,"10 PLACE JEAN MOULIN"," RESIDENCE LE REGENT","yes","62280","SAINT MARTIN BOULOGNE",28,,
697,"118 Rue de la Colonne",,"yes","62280","SAINT MARTIN BOULOGNE",,,
698,"164 route de St Omer",,"yes","62280","SAINT MARTIN BOULOGNE",27,,
699,"2 rue Apolline",,"yes","62280","SAINT MARTIN BOULOGNE",28,,
701,"98 Place du Marché",,"yes","62223","SAINT NICOLAS LEZ ARRAS",19,,
702,"125 Rue de Dunkerque",,"yes","62500","SAINT OMER",2,,
703,"2 Boulevard de Strasbourg",,"yes","62500","SAINT OMER",2,,
704,"21 rue Faidherbe",,"yes","62500","SAINT OMER",2,,
705,"23 Place du Maréchal Foch  "," cabinet A","yes","62500","SAINT OMER",2,,
706,"28 rue Carnot",,"yes","62500","SAINT OMER",2,,
707,"3 Boulevard Pierre Guillain",,"yes","62500","SAINT OMER",2,,
708,"3 Place Prinlevé",,"yes","62500","SAINT OMER",28,,
709,"3 place Suger",,"yes","62500","SAINT OMER",2,,
710,"4 rue de l'Arsenal",,"yes","62500","SAINT OMER",2,,
711,"43 Boulevard de Strasbourg  ","Cabinet 2","yes","62500","SAINT OMER",2,,
712,"55 bis boulevard de Strasbourg",,"yes","62500","SAINT OMER",2,,
713,"178 rue de la République",,"yes","59430","SAINT POL SUR MER",28,,
714,"355 rue de la République",,"yes","59430","SAINT POL SUR MER",28,,
715,"455 Rue de la République",,"yes","59430","SAINT POL SUR MER",,,
716,"467 rue de la République",,"yes","59430","SAINT POL SUR MER",28,,
717,"617 rue de la République",,"yes","59430","SAINT POL SUR MER",10,,
718,"11 Rue de l'Eglise",,"yes","62130","SAINT POL SUR TERNOISE",27,,
719,"28 Rue des Procureurs",,"yes","62130","SAINT POL SUR TERNOISE",27,,
720,"7 ZAS rue de Canteraine",,"yes","62130","SAINT POL SUR TERNOISE",27,,
721,"70 rue d'Hesdin",,"yes","62130","SAINT POL SUR TERNOISE",27,,
722,"115 rue Jean Jaurès",,"yes","59880","SAINT SAULVE",28,,
723,"120 rue Jean Jaurès",,"yes","59880","SAINT SAULVE",34,,
724,"144 TER Rue Jean Massés",,"yes","59880","SAINT SAULVE",34,,
725,"56 rue Jean Jaurès",,"yes","59880","SAINT SAULVE",28,,
726,"9 Rue Henri Barbusse",,"yes","59880","SAINT SAULVE",34,,
727,"31 rue des Frères Lumières","ZAC Bât C6 ","yes","59880","SAINT SAULVE",,,
728,"5 bis rue de la Mairie",,"yes","59360","SAINT SOUPLET",28,,
729,"558 Chemin de Ceinture",,"yes","62350","SAINT VENANT",2,,
730,"71 Chaussée Brunehaut",,"yes","62223","SAINTE CATHERINE",19,,
731,"5 rue du Petit Solesmes",,"yes","59730","SAINT PYTHON",29,,
732,"79 ter rue Edouard Vaillant",,"yes","62480","SALLAUMINES",22,,
733,"5 rue Pasteur",,"yes","59496","SALOME",29,,
734,"12 Avenue Charles de Gaulle",,"yes","62830","SAMER",28,,
735,"131 Place du Maréchal FOCH",,"yes","62830","SAMER",,,
736,"330 rue des Desvres",,"yes","62830","SAMER",27,,
737,"126 Avenue Henri Barbusse",,"yes","59990","SAULTAIN",34,,
738,"15 Place Stalingrad",,"yes","59113","SECLIN",2,,
739,"29 Résidence Paul Eluard ","BP 236","yes","59472","SECLIN",29,,
740,"3 rue Saint-Louis",,"yes","59113","SECLIN",,,
741,"98 rue Maurice Bouchery",,"yes","59113","SECLIN",29,,
742,"1 rue d'Hallennes",,"yes","59320","SEQUEDIN",29,,
743,"25 rue du Chemin Noir",,"yes","59320","SEQUEDIN",29,,
744,"27 rue de Douai",,"yes","59450","SIN LE NOBLE",2,,
745,"5 Place Jean Jaurès",,"yes","59450","SIN LE NOBLE",19,,
746,"65 Place de la Liberté",,"yes","59450","SIN LE NOBLE",19,,
747,"33 Rue de Selle",,"yes","59730","SOLESMES",29,,
748,"10 rue Vaillant Couturier",,"yes","59490","SOMAIN",29,,
749,"17 RUE ANATOLE FRANCE",,"yes","59490","SOMAIN",5,,
750,"35 rue Léon Gambetta",,"yes","59490","SOMAIN",14,,
751,"45 rue Suzanne Lanoy",,"yes","59490","SOMAIN",14,,
752,"1 Bis rue Pasteur",,"yes","62153","SOUCHEZ",19,,
753,"48 rue Jean Jaurès",,"yes","62153","SOUCHEZ",28,,
754,"5 rue du Petit Solesmes",,"yes","59730","SAINT PYTHON",,,
755,"17 rue de Cassel",,"yes","59114","STEENVOORDE",23,,
756,"36 Place du Général de Gaulle",,"yes","59181","STEENWERCK",29,,
757,"33 Rue Edouard Watrelot",,"yes","59175","TEMPLEMARS",2,,
758,"11 bis rue Jules Guesde",,"yes","59175","TEMPLEMARS",2,,
759,"36 A rue du Maresquel",,"yes","59242","TEMPLEUVE",29,,
760,"255 route du Chapeau Rouge",,"yes","59229","TETEGHEM",28,,
761,"4 rue des Pierres",,"yes","59229","TETEGHEM",10,,
762,"1 rue Henri Barbusse",,"yes","59224","THIANT",29,,
763,"17 rue Joseph Béghin",,"yes","59239","THUMERIES",29,,
764,"20 rue Léon Blum",,"yes","59239","THUMERIES",13,,
765,"2 bis Rue de Béthencourt",,"yes","62127","TINCQUES",27,,
766,"106 rue Claude Bernard",,"yes","59200","TOURCOING",14,,
767,"108 rue Ma Campagne",,"yes","59200","TOURCOING",29,,
768,"120 rue de Dunkerque",,"yes","59200","TOURCOING",29,,
769,"125/2 rue de Roncq"," Maison Médicale Albatros","yes","59200","TOURCOING",29,,
770,"173 rue de Gand ",,"yes","59200","TOURCOING",29,,
771,"19 Quai de Cherbourg",,"yes","59200","TOURCOING",29,,
772,"231 Bis rue du Brun Pain",,"yes","59200","TOURCOING",14,,
773,"279 BOULEVARD DE L'EGALITE",,"yes","59200","TOURCOING",13,,
774,"32 Place de la Victoire",,"yes","59200","TOURCOING",13,,
775,"327 bis chaussée Denis Papin",,"yes","59200","TOURCOING",29,,
776,"47 rue Carnot",,"yes","59200","TOURCOING",13,,
777,"56 rue Fidèle Lehoucq",,"yes","59200","TOURCOING",28,,
778,"6 A/1 rue Montyon",,"yes","59200","TOURCOING",14,,
779,"79 rue de Roubaix",,"yes","59200","TOURCOING",14,,
780,"8 Place Charles Roussel",,"yes","59200","TOURCOING",14,,
781,"35 rue de Lille",,"yes","59200","TOURCOING",18,,
782,"9 rue Alexandre Ribot",,"yes","59200","TOURCOING",29,,
783,"107 Avenue Gustave Dron",,"yes","59200","TOURCOING ",18,,
784,"3 Place Joffre",,"yes","59132","TRELON",14,,
785,"21 rue Bessemer","Rés.Le Jeanne d'Arc ","yes","59125","TRITH SAINT LEGER",28,,
786,"10 Place Cardon",,"yes","59300","VALENCIENNES",29,,
787,"11 rue Salle Le Comte",,"yes","59300","VALENCIENNES",28,,
788,"16 Ter Boulevard Watteau",,"yes","59300","VALENCIENNES",,,
789,"19 Avenue de Verdun",,"yes","59300","VALENCIENNES",,,
790,"19 Place Jehan Froissart",,"yes","59300","VALENCIENNES",28,,
791,"2 Avenue des Dentellières",,"yes","59300","VALENCIENNES",28,,
792,"24 Avenue du Général Horne",,"yes","59300","VALENCIENNES",28,,
793,"29 rue Capron",,"yes","59300","VALENCIENNES",28,,
794,"3 rue de wattignies",,"yes","59300","VALENCIENNES",28,,
795,"30-3 rue des Frères Danna",,"yes","59300","VALENCIENNES",29,,
796,"33 Avenue de Verdun",,"yes","59300","VALENCIENNES",28,,
797,"36 Avenue Duchesnois",,"yes","59300","VALENCIENNES",28,,
798,"4 rue de Paris",,"yes","59300","VALENCIENNES",28,,
799,"41 rue du Rempart",,"yes","59300","VALENCIENNES",28,,
800,"5 rue Edmond Guillaume",,"yes","59300","VALENCIENNES",28,,
801,"55 Bd Pater",,"yes","59300","VALENCIENNES",28,,
802,"6 Bis rue René Georges",,"yes","59300","VALENCIENNES",29,,
803,"6 Place Abbé Thellier de Poncheville",,"yes","59300","VALENCIENNES",28,,
804,"72 avenue Georges Clémenceau",,"yes","59300","VALENCIENNES",28,,
805,"92 route d'Aulnoy",,"yes","59300","VALENCIENNES",28,,
806,"144 Avenue Faidherbe","Pyramide Dampierre ","yes","59300","VALENCIENNES",28,,
807,"1 rue de Faches",,"yes","59175","VENDEVILLE",29,,
808,"9 bis rue Jules Guesde",,"yes","62880","VENDIN LE VIEIL",29,,
809,"36 A rue des Martyrs",,"yes","62232","VENDIN LES BETHUNE",2,,
810,"2 B rue de Lambersart",,"yes","59237","VERLINGHEM",29,,
811,"41 rue de l'Eglise",,"yes","62180","VERTON",23,,
812,"11 rue d'Estaires",,"yes","59232","VIEUX BERQUIN",2,,
813,"256 rue Jean Jaurès",,"yes","59690","VIEUX CONDE",29,,
814,"273 rue Victor Hugo",,"yes","59690","VIEUX CONDE",28,,
815,"46 rue Victor Hugo",,"yes","59690","VIEUX CONDE",29,,
816,"1 rue Jacques Prévert",,"yes","59650","VILLENEUVE D'ASCQ",18,,
817,"12 Place de la République",,"yes","59650","VILLENEUVE D'ASCQ",29,,
818,"124 Rue Jean Jaurès",,"yes","59650","VILLENEUVE D'ASCQ",2,,
819,"152 rue Gaston Baratte",,"yes","59650","VILLENEUVE D'ASCQ",29,,
820,"185 rue des Fusillés",,"yes","59650","VILLENEUVE D'ASCQ",,,
821,"22 rue du 8 mai 1945",,"yes","59650","VILLENEUVE D'ASCQ",2,,
822,"225 Boulevard de Valmy",,"yes","59650","VILLENEUVE D'ASCQ",2,,
823,"25 rue de Babylone",,"yes","59650","VILLENEUVE D'ASCQ",29,,
824,"27 route de Sainghin",,"yes","59650","VILLENEUVE D'ASCQ",28,,
825,"33 Chaussée de l'Hôtel de Ville",,"yes","59650","VILLENEUVE D'ASCQ",29,,
826,"36 Boulevard Van Gogh",,"yes","59650","VILLENEUVE D'ASCQ",14,,
827,"37 Bd Georges Bizet",,"yes","59650","VILLENEUVE D'ASCQ",14,,
828,"4 rue Jules Guesde",,"yes","59650","VILLENEUVE D'ASCQ",29,,
829,"69 rue Gaston Baratte",,"yes","59650","VILLENEUVE D'ASCQ",13,,
830,"9 Place Léon Blum",,"yes","59650","VILLENEUVE D'ASCQ",2,,
831,"rue Trudaine","Centre commercial Triolo ","yes","59650","VILLENEUVE D'ASCQ",29,,
832,"rue Trudaine",,"yes","59650","VILLENEUVE D'ASCQ",26,,
833,"18 Rue de la République",,"yes","59142","VILLERS OUTREAUX",29,,
834,"11 rue Rouget de Lisle",,"yes","62580","VIMY",2,,
835,"72 rue de Retuy",,"yes","62138","VIOLAINES",19,,
836,"6 rue de Cherisy",,"yes","62156","VIS EN ARTOIS",2,,
837,"16 rue de la grande Chapelle",,"yes","62490","VITRY EN ARTOIS",19,,
838,"35 rue de Ficheux",,"yes","62217","WAILLY",27,,
839,"7 rue Pierre Flinois",,"yes","59127","WALINCOURT SELVIGNY",27,,
840,"106 rue de Quesnoy",,"yes","59118","WAMBRECHIES",28,,
841,"144 allée Hélène Boucher",,"yes","59118","WAMBRECHIES",2,,
842,"150 avenue de l'espace",,"yes","59118","WAMBRECHIES",28,,
843,"31 rue du Général Leclerc",,"yes","59118","WAMBRECHIES",2,,
844,"8 Place de la Distillerie",,"yes","59118","WAMBRECHIES",2,,
845,"2 rue Jean Macé",,"yes","59290","WASQUEHAL",13,,
846,"21 rue Jean Wastyn",,"yes","59290","WASQUEHAL",2,,
847,"29 Avenue de la Marne",,"yes","59290","WASQUEHAL",16,,
848,"4 rue Sadi Carnot",,"yes","59290","WASQUEHAL",2,,
849,"45/1 Avenue de Flandre",,"yes","59290","WASQUEHAL",23,,
850,"5 rue Michelet",,"yes","59290","WASQUEHAL",11,,
851,"53 Rue Jean Bart",,"yes","59290","WASQUEHAL",,,
852,"12 rue Michelet",,"yes","59139","WATTIGNIES",23,,
853,"19 Avenue du 14 Juillet",,"yes","59139","WATTIGNIES",13,,
854,"19 rue du 14 Juillet",,"yes","59139","WATTIGNIES",13,,
855,"2 Bis rue Faidherbe",,"yes","59139","WATTIGNIES",13,,
856,"2 rue Henri Matisse",,"yes","59139","WATTIGNIES",13,,
857,"3 rue de Reims",,"yes","59139","WATTIGNIES",33,,
858,"5 rue d'Haubourdin",,"yes","59139","WATTIGNIES",2,,
859,"68 rue Clémenceau",,"yes","59139","WATTIGNIES",29,,
860,"86 rue Clémenceau",,"yes","59139","WATTIGNIES",13,,
861,"160 rue Carnot",,"yes","59150","WATTRELOS",28,,
862,"2 rue Gustave Delory",,"yes","59150","WATTRELOS",14,,
863,"312 rue Carnot",,"yes","59150","WATTRELOS",14,,
864,"389 rue du Sapin Vert",,"yes","59150","WATTRELOS",13,,
865,"58 rue Pierre Catteau",,"yes","59150","WATTRELOS",29,,
866,"86 rue de la Belle Promenade",,"yes","59150","WATTRELOS",29,,
868,"116 rue Achille Pinteaux",,"yes","59136","WAVRIN",23,,
869,"89 Bis rue Achille Pinteaux",,"yes","59136","WAVRIN",23,,
870,"21 rue Abel Dépret",,"yes","59119","WAZIERS",14,,
871,"3 rue des frères Hollebecq",,"yes","59117","WERVICQ SUD",14,,
872,"47 Rue de l'Industrie",,"yes","59117","WERVICQ SUD",14,,
873,"1 Quai de Wimille",,"yes","62930","WIMEREUX",28,,
874,"29 rue Carnot",,"yes","62390","WIMEREUX",27,,
875,"97 rue Raoul Lebeurre",,"yes","62126","WIMILLE",28,,
876,"1 rue du 8 mai 1945",,"yes","62410","WINGLES",22,,
877,"12 rue de Saint-Omer",,"yes","62570","WIZERNES",2,,
878,"11 rue Jeanne Devos",,"yes","59470","WORMHOUT",2,,
879,"21 Route de Bergues",,"yes","59470","WORMHOUT",2,,
880,"77 rue du Haut Steen Houck",,"yes","59470","WORMHOUT",2,,
881,"62 boulevard Emile Basly",,"yes","62300","LENS",,,
882,"75 avenue du 4 septembre",,"yes","62300","LENS",28,,
883,"62 boulevard Emile Basly",,"yes","62300","LENS",23,,
884,"42 rue de la Gare",,"yes","62300","LENS",22,,
886,"55 boulevard de Strasbourg",,"yes","62500","SAINT OMER",2,,
887,"8 place de l'église ","étage A","yes","59279","LOON PLAGE",28,,
889,"164  rue du Général De Gaulle",,"yes","59370","MONS EN BAROEUL",29,,
891,"75 rue Jean Jaurès  rez de Chaussée","rez de Chaussée","yes","59410","ANZIN",2,,
892,"245 avenue Linné",,"yes","59100","ROUBAIX",29,,
893,"16 bis rue Léon Gambetta",,"yes","59124","ESCAUDAIN",29,,
894,"7 Place du Maréchal LECLERC",,"yes","62770","BLANGY SUR TERNOISE",27,,
895,"87 allée du Lilas de Mer",,"yes","80230","SAINT VALERY SUR SOMME",23,,
896,"5 rue de Lille",,"yes","59480","LA BASSEE",2,,
901,"15 rue François Herbo ",,"yes","59310","ORCHIES",28,,
902,"26 rue des Evennes",,"yes","59146","PECQUENCOURT",28,,
903,"16 rue du maréchal Galliéni","Cabinet B","yes","59238","MARETZ",29,,
904,"348 avenue Ladreyt",,"yes","59830","CYSOING",29,,
905,"31 rue du Puits ","Entrée A","yes","62490","VITRY EN ARTOIS",29,,
906,"31 rue du Puits  ","Entrée B","yes","62490","VITRY EN ARTOIS",29,,
907,"145 rue du Ganspette",,"yes","62910","EPERLECQUES",23,,
908,"51 bis rue Roger Salengro",,"yes","62160","BULLY LES MINES",23,,
909,"140 avenue de Saint Maur",,"yes","59110","LA MADELEINE",29,,
910,"24 rue Régiment La Chaudière",,"yes","62230","OUTREAU",28,,
911,"714 route d'Arras",,"yes","59554","RAILLENCOURT STE OLLE",,,
914,"43 boulevard de Strasbourg ","cabinet 1","yes","62500","SAINT OMER",2,,
915,"32 rue Neuve",,"yes","59242","TEMPLEUVE",2,,
916,"2 B rue du Général Leclerc",,"yes","62410","HULLUCH",29,,
917,"327 bis chaussée Denis Papin rdc",,"yes","59200","TOURCOING",28,,
918,"15 avenue Gustave Delory",,"yes","59100","ROUBAIX",29,,
919,"10 allée des Charmettes",,"yes","59650","VILLENEUVE D'ASCQ",29,,
920,"77 Grande Rue",,"yes","62176","CAMIERS",28,,
921,"Centre de Gaulle","Résidence Bailly  Appt 4  ","yes","59200","TOURCOING",29,,
922,"1 Avenue de la Libération",,"yes","59310","ORCHIES",29,,
923,"57 rue Victor Hugo",,"yes","59160","LOMME",29,,
924,"23 place du Maréchal Foch  ","Cabinet B","yes","62500","SAINT OMER",2,,
925,"36 rue Bernos",,"yes","59000","LILLE",14,,
926,"28 rue Pierre Rommes",,"yes","59320","HALLENNES LEZ HAUBOURDIN",28,,
927,"2 avenue de la Vctoire"," Cabinet 2","yes","59400","CAMBRAI",,,
928,"27 rue d'Harnes",,"yes","62110","HENIN BEAUMONT",28,,
929,"78 bis Boulevard Daloz",,"yes","62520","LE TOUQUET",27,,
930,"83 avenue Max Dormoy",,"yes","59000","LILLE",,,
931,"83 avenue Marx Dormoy ","étage 1  D","yes","59000","LILLE",2,,
932,"27 rue Jean Baptiste Collette",,"yes","59551","ATTICHES",13,,
933,"27 rue Charles Devendeville",,"yes","59810","LESQUIN",13,,
934,"15 avenue Foch  cabinet B",,"yes","59700","MARCQ EN BAROEUL",13,,
935,"1 rue Pasteur",,"yes","59290","WASQUEHAL",2,,
936,"20 rue du Haze",,"yes","59200","TOURCOING",2,,
937,"46 rue de LILLE",,"yes","59520","MARQUETTE LEZ LILLE",2,,
939,"20 bis Rue Saint Eloi",,"yes","59100","ROUBAIX",,,
940,"7 rue du maréchal Leclerc",,"yes","59128","FLERS EN ESCREBIEUX",28,,
941,"83 avenue Marx Dormoy ","étage 1 G","yes","59000","LILLE",29,,
942,"714 route d'Arras",,"yes","59554","RAILLENCOURT STE OLLE",27,,
943,"12 chemin des Postes ","ZAE des 10 Muids","yes","59990","SAULTAIN",28,,
944,"8 place Rombault",,"yes","59163","CONDE SUR ESCAUT",28,,
945,"42 ter rue Baillon",,"yes","59530","LE QUESNOY",28,,
946,"32 avenue Van Pelt",,"yes","62300","LENS",2,,
947,"5 rue Vaillant Couturier",,"yes","62118","BIACHE SAINT VAAST",19,,
948,"18 boulevard Vauban",,"yes","59000","LILLE",2,,
949,"96 rue Roger Salengro",,"yes","62710","COURRIERES",2,,
950,"18 rue de Camphin",,"yes","59780","BAISIEUX",29,,
951,"25 rue de Billy",,"yes","62640","MONTIGNY EN GOHELLE",28,,
952,"11 rue du Maresquel",,"yes","59242","TEMPLEUVE",28,,
953,"30 bis rue Nationale",,"yes","59190","HAZEBROUCK",28,,
954,"3 rue Lucien Sampaix",,"yes","59267","PROVILLE",,,
955,"240 rue de Guarbecque",,"yes","62350","BUSNES",2,,
956,"61 rue de Londres",,"yes","62520","LE TOUQUET",27,,
957,"1 rue Ernest Lesaffre",,"yes","59680","FERRIERE LA GRANDE",29,,
958,"2 rue du Boudoir",,"yes","62360","BAINCTHUN",28,,
959,"37 rue de Selle",,"yes","59730","SOLESMES",28,,
960,"16 place de Marseille",,"yes","62000","ARRAS",19,,
961,"75 rue de la paix",,"yes","59552","LAMBRES LEZ DOUAI",14,,
962,"15 rue David d'Angers",,"yes","59140","DUNKERQUE",28,,
963,"48 rue de Rethel",,"yes","08460","SIGNY L'ABBAYE",14,,
964,"134 rue de Lille",,"yes","59554","NEUVILLE SAINT REMY",27,,
965,"16 rue du Grand Bruille",,"yes","59300","VALENCIENNES",28,,
966,"20 rue Léon Coustre",,"yes","62370","SAINT FOLQUIN",28,,
967,"117 rue Auguste Biblocq",,"yes","62155","MERLIMONT",27,,
968,"8 Place de l'Hôtel de Ville",,"yes","59630","BOURBOURG",28,,
969,"10 rue du Fossé Cave",,"yes","62190","LILLERS",28,,
970,"995 avenue Albert Mahieu",,"yes","59670","CASSEL",10,,
971,"48 rue Henri Barbusse ","Clinique du Parc ","yes","59880","SAINT SAULVE",28,,
972,"Centre De Gaulle","Résidence Bailly Appt 2  ","yes","59200","TOURCOING",29,,
973,"34 Tter rue d'Arras",,"yes","62580","ARLEUX EN GOHELLE",23,,
974,"2 ter rue des Haies",,"yes","62161","DUISANS",27,,
975,"16 bis Boulevard Raymond Splingard",,"yes","62230","OUTREAU",28,,
976,"4 rue PATIN",,"yes","62280","SAINT MARTIN BOULOGNE",28,,
977,"8 rue Delsaux",,"yes","59300","VALENCIENNES",29,,
978,"65 rue Kléber",,"yes","59155","FACHES THUMESNIL",28,,
979,"15 rue du Tour des Haies",,"yes","59281","RUMILLY EN CAMBRESIS",27,,
981," 9  rue du Général De Gaulle",,"yes","59253","LA GORGUE",14,,
982,"6  place Rombault",,"yes","59163","CONDE SUR L'ESCAUT",29,,
984,"211 rue Carnot",,"yes","62370","AUDRUICQ",27,,
985,"20 bis Rue Saint Eloi",,"yes","59200","TOURCOING",29,,
986,"94 boulevard de Fourmies",,"yes","59100","ROUBAIX",23,,
987,"85/87 rue Paul Doumer",,"yes","59110","LA MADELEINE",29,,
988,"28 Grand Place",,"yes","59100","ROUBAIX",29,,
989,"152 Grande Rue",,"yes","59100","ROUBAIX",29,,
990,"16 rue d'Avesnes les Aubert",,"yes",59277,"RIEUX EN CAMBRESIS",27,,
991,"170 rue du Dîmage",,"yes",62231,"PEUPLINGUES",28,,
